index,event_id,source_event_id,user_id,entity_id,event_time,event_type,sub_type,event_description,client_id_document_number,client_transaction_id,card_number,client_lastname,client_firstname,client_patronymicname,client_birthdate,atm_merchant_name,atm_terminal_id,atm_mcc,terbank_code,atm_city,atm_address,risk_score,transaction_amount,transaction_amount_currency,rule_name,rule_num,rule_order,mark,mcc_group,resolution,sub_channel,status,transaction_sender_account_number,p2p_sender_account_number,reason,atm_country,atm_acquiring_country,atm_acquiring_iic,marking_time,is_tech_rule,own_loading_id,own_dt,load_dt
0,ae107b8e478840739bb44f209a6e02aa,ae107b8e-4788-4073-9bb4-4f209a6e02aa,7770421986,2099007770421986000001,2026-01-24 08:00:00,PURCHASE,PURCHASE,Оплата обучения,4519884216,93afa3d41b9b42dd9dec0ea6cf4e02b3,5599004387129866,Кузнецов,Андрей,Сергеевич,1984-05-14,Университет Синергия,T963471481,8299,99,MOSCOW,"MOSCOW, Университет Синергия, online",841,118410.20,RUB,DENY новый образовательный получатель и высокий риск устройства,41814,2859,F,E,deny,ISSUER,processed,40817810400077421865,40817810400077421865,education_payment_risk,RU,RU,753870,2026-01-25 08:20:00.000,False,35444179,20260124,20260124
1,9c85121b1819426e8db428a7f413d5d7,9c85121b-1819-426e-8db4-28a7f413d5d7,7770421995,2099007770421995000001,2026-01-24 14:42:24,PURCHASE,PURCHASE,Оплата обучения,4525880142,f75e7b864aa643f6af9937a0cf7e8d7d,5599004387129958,Никитин,Сергей,Алексеевич,1992-08-24,Университет Синергия,T956783609,8299,99,MOSCOW,"MOSCOW, Университет Синергия, online",766,81308.56,RUB,DENY нетипичная сумма оплаты курсов,32935,8789,G,E,allow,ISSUER,processed,40817810400077550143,40817810400077550143,education_payment_regular_hit,RU,RU,479334,2026-01-25 15:02:24.000,False,32763048,20260124,20260124
2,3486d84b4eba4ba4b04494764fc9e7a4,3486d84b-4eba-4ba4-b044-94764fc9e7a4,7770421989,2099007770421989000001,2026-01-24 17:39:03,PAYMENT,EDUCATION,Оплата экзамена,4517763205,1f32d9da95f24514a0d8c8dbe7f3a905,5599004387129897,Петрова,Марина,Олеговна,1978-02-19,Центр тестирования,T077723251,8299,99,MOSCOW,"MOSCOW, Центр тестирования, online",874,34199.48,RUB,DENY оплата обучения после смены устройства,03465,4487,F,E,allow,UFS.MOBILEAPI,processed,40817810400077771091,40817810400077771091,education_payment_risk,RU,RU,183019,2026-01-25 17:59:03.000,False,75035150,20260124,20260124
3,ab807c186bad4447a2030bd9c74d38ee,ab807c18-6bad-4447-a203-0bd9c74d38ee,7770421987,2099007770421987000001,2026-01-25 08:36:10,PURCHASE,PURCHASE,Оплата учебных материалов,4520113377,273c344536a24a82a46b8608c7903c90,5599004387129873,Иванова,Елена,Павловна,1990-07-22,ЛитРес Образование,T670709634,5942,99,MOSCOW,"MOSCOW, ЛитРес Образование, online",665,16490.55,RUB,DENY новый образовательный получатель и высокий риск устройства,78355,9879,F,E,deny,ISSUER,processed,40817810400077104921,40817810400077104921,education_payment_risk,RU,RU,586997,2026-01-26 08:56:10.000,False,52058034,20260125,20260125
4,a32e6abd5d6448b1a8346a35324c3070,a32e6abd-5d64-48b1-a834-6a35324c3070,7770421990,2099007770421990000001,2026-01-25 17:15:13,PAYMENT,EDUCATION,Оплата образовательной платформы,4522851740,46052fc346ca453180afe950f3737e3e,5599004387129903,Соколова,Анна,Дмитриевна,1994-04-28,Skillbox,T978316217,8299,99,MOSCOW,"MOSCOW, Skillbox, online",970,190887.76,RUB,DENY оплата обучения после смены устройства,19821,1638,F,E,allow,UFS.MOBILEAPI,processed,40817810400077218776,40817810400077218776,education_payment_risk,RU,RU,410347,2026-01-26 17:35:13.000,False,85664584,20260125,20260125
5,82b27fef8a414343add030d45cd840e5,82b27fef-8a41-4343-add0-30d45cd840e5,7770421993,2099007770421993000001,2026-01-25 17:39:31,PAYMENT,EDUCATION,Оплата образовательной платформы,4524672831,8186053f3e65483093c96808c14adcfe,5599004387129934,Орлов,Павел,Максимович,1999-06-17,Skillbox,T777061541,8299,99,MOSCOW,"MOSCOW, Skillbox, online",654,44379.05,RUB,CARD_DENY крупная покупка образовательных услуг после cash-in,92438,2287,L,E,allow,UFS.MOBILEAPI,processed,40817810400077882314,40817810400077882314,education_payment_regular_hit,RU,RU,247874,2026-01-26 17:59:31.000,False,45501660,20260125,20260125
6,65a11261e877423485c996e4462a8de1,65a11261-e877-4234-85c9-96e4462a8de1,7770421988,2099007770421988000001,2026-01-26 08:12:20,PURCHASE,PURCHASE,Оплата занятий с репетитором,4521445091,c6cd11dd7a4b4c7dae42a9c547b0dff8,5599004387129880,Смирнов,Олег,Викторович,1996-11-03,Профи Обучение,T332993607,8299,99,MOSCOW,"MOSCOW, Профи Обучение, online",846,38269.91,RUB,DENY новый образовательный получатель и высокий риск устройства,38595,6117,L,E,deny,ISSUER,processed,40817810400077512440,40817810400077512440,education_payment_risk,RU,RU,099409,2026-01-27 08:32:20.000,False,39015271,20260126,20260126
7,aa5a2d186c69478ea598395f3f7a0160,aa5a2d18-6c69-478e-a598-395f3f7a0160,7770421994,2099007770421994000001,2026-01-26 17:15:41,PAYMENT,EDUCATION,Оплата онлайн-курсов,4517399016,7ed670df79c146b8b996525a8f36641a,5599004387129941,Васильева,Ольга,Романовна,1980-12-30,Яндекс Практикум,T903821282,8299,99,MOSCOW,"MOSCOW, Яндекс Практикум, online",891,72086.23,RUB,CARD_DENY крупная покупка образовательных услуг после cash-in,05847,6609,L,E,allow,UFS.MOBILEAPI,processed,40817810400077615722,40817810400077615722,education_payment_regular_hit,RU,RU,309401,2026-01-27 17:35:41.000,False,38660135,20260126,20260126
8,ce4355392e924d289cc0f2717d9e118d,ce435539-2e92-4d28-9cc0-f2717d9e118d,7770421995,2099007770421995000001,2026-01-27 08:36:06,PURCHASE,PURCHASE,Оплата обучения,4525880142,866df8eb3f6d4a639400424c94aa8dc7,5599004387129958,Никитин,Сергей,Алексеевич,1992-08-24,Университет Синергия,T687843592,8299,99,MOSCOW,"MOSCOW, Университет Синергия, online",793,174650.20,RUB,CARD_DENY крупная покупка образовательных услуг после cash-in,86856,5073,G,E,deny,ISSUER,processed,40817810400077550143,40817810400077550143,education_payment_regular_hit,RU,RU,513936,2026-01-28 08:56:06.000,False,52949737,20260127,20260127
9,8c98960e9b7b42418c248eef4d1a21fd,8c98960e-9b7b-4241-8c24-8eef4d1a21fd,7770421993,2099007770421993000001,2026-01-28 11:33:13,PAYMENT,EDUCATION,Оплата образовательной платформы,4524672831,98564c6896fa45138e42ebc8742dbfed,5599004387129934,Орлов,Павел,Максимович,1999-06-17,Skillbox,T925157311,8299,99,MOSCOW,"MOSCOW, Skillbox, online",846,203752.15,RUB,DENY оплата обучения после смены устройства,61748,2128,G,E,allow,UFS.MOBILEAPI,processed,40817810400077882314,40817810400077882314,education_payment_regular_hit,RU,RU,106966,2026-01-29 11:53:13.000,False,96870009,20260128,20260128
10,94ad795558ff42c58dd2dff7508854c7,94ad7955-58ff-42c5-8dd2-dff7508854c7,7770421994,2099007770421994000001,2026-01-29 11:09:23,PAYMENT,EDUCATION,Оплата онлайн-курсов,4517399016,fc54a5b533714ab6878ad8de80908a67,5599004387129941,Васильева,Ольга,Романовна,1980-12-30,Яндекс Практикум,T474625275,8299,99,MOSCOW,"MOSCOW, Яндекс Практикум, online",947,104759.81,RUB,DENY оплата обучения после смены устройства,64893,8579,L,E,allow,UFS.MOBILEAPI,processed,40817810400077615722,40817810400077615722,education_payment_regular_hit,RU,RU,364690,2026-01-30 11:29:23.000,False,18972014,20260129,20260129
11,ca123fc10c6b4998ae697ad7f22667b5,ca123fc1-0c6b-4998-ae69-7ad7f22667b5,7770421995,2099007770421995000001,2026-01-30 11:45:33,PAYMENT,EDUCATION,Оплата экзамена,4525880142,9fd192354a9d4ea6ba18de07024cb6ea,5599004387129958,Никитин,Сергей,Алексеевич,1992-08-24,Центр тестирования,T834070192,8299,99,MOSCOW,"MOSCOW, Центр тестирования, online",936,8827.16,RUB,DENY оплата обучения после смены устройства,40778,0632,L,E,allow,UFS.MOBILEAPI,processed,40817810400077550143,40817810400077550143,education_payment_regular_hit,RU,RU,896450,2026-01-31 12:05:33.000,False,91407827,20260130,20260130
12,89b5ef4a8e63456ea564c8a940341523,89b5ef4a-8e63-456e-a564-c8a940341523,7770421986,2099007770421986000001,2026-01-30 17:03:09,PAYMENT,EDUCATION,Оплата экзамена,4519884216,82eb1ab0ecd64a118d2e00af31ced74b,5599004387129866,Кузнецов,Андрей,Сергеевич,1984-05-14,Центр тестирования,T033149374,8299,99,MOSCOW,"MOSCOW, Центр тестирования, online",951,25262.51,RUB,DENY нетипичная сумма оплаты курсов,91346,9548,L,E,allow,UFS.MOBILEAPI,processed,40817810400077421865,40817810400077421865,education_payment_risk,RU,RU,747341,2026-01-31 17:23:09.000,False,81278592,20260130,20260130
13,8be8a7848406411881ebf95ae878cacf,8be8a784-8406-4118-81eb-f95ae878cacf,7770421989,2099007770421989000001,2026-01-30 17:27:27,PAYMENT,EDUCATION,Оплата экзамена,4517763205,4ee5afffc2724f37ab7a8405da3db473,5599004387129897,Петрова,Марина,Олеговна,1978-02-19,Центр тестирования,T144216449,8299,99,MOSCOW,"MOSCOW, Центр тестирования, online",667,5747.34,RUB,DENY регулярные платежи образовательной платформе с высоким риском,47051,2074,L,E,allow,UFS.MOBILEAPI,processed,40817810400077771091,40817810400077771091,education_payment_risk,RU,RU,788713,2026-01-31 17:47:27.000,False,65889788,20260130,20260130
14,622020c6d5f04e0ab6e7ada82ad4bf46,622020c6-d5f0-4e0a-b6e7-ada82ad4bf46,7770421987,2099007770421987000001,2026-01-31 08:24:34,PURCHASE,PURCHASE,Оплата учебных материалов,4520113377,3de466ae13b2484dafacf3da1d86f1b8,5599004387129873,Иванова,Елена,Павловна,1990-07-22,ЛитРес Образование,T101016572,5942,99,MOSCOW,"MOSCOW, ЛитРес Образование, online",746,24794.76,RUB,DENY нетипичная сумма оплаты курсов,25130,2793,F,E,deny,ISSUER,processed,40817810400077104921,40817810400077104921,education_payment_risk,RU,RU,518374,2026-02-01 08:44:34.000,False,52698502,20260131,20260131
15,11cf206afb294b568d6cd3a46232c433,11cf206a-fb29-4b56-8d6c-d3a46232c433,7770421993,2099007770421993000001,2026-01-31 14:42:40,PURCHASE,PURCHASE,Оплата учебных материалов,4524672831,acedf401871a41ef8f6beb8240fbbbe6,5599004387129934,Орлов,Павел,Максимович,1999-06-17,ЛитРес Образование,T158921885,5942,99,MOSCOW,"MOSCOW, ЛитРес Образование, online",778,17167.92,RUB,DENY новый образовательный получатель и высокий риск устройства,71327,2386,L,E,allow,ISSUER,processed,40817810400077882314,40817810400077882314,education_payment_regular_hit,RU,RU,078086,2026-02-01 15:02:40.000,False,96859495,20260131,20260131
16,ee3878149e3947c59eb2a2ada460fd8a,ee387814-9e39-47c5-9eb2-a2ada460fd8a,7770421990,2099007770421990000001,2026-01-31 17:03:37,PAYMENT,EDUCATION,Оплата образовательной платформы,4522851740,25773117ec714224a5aa537a49564df0,5599004387129903,Соколова,Анна,Дмитриевна,1994-04-28,Skillbox,T869720679,8299,99,MOSCOW,"MOSCOW, Skillbox, online",771,269638.78,RUB,DENY регулярные платежи образовательной платформе с высоким риском,03848,3470,L,E,allow,UFS.MOBILEAPI,processed,40817810400077218776,40817810400077218776,education_payment_risk,RU,RU,683303,2026-02-01 17:23:37.000,False,56856575,20260131,20260131
17,8fc6d73d471b4faea5dad8ec58e46110,8fc6d73d-471b-4fae-a5da-d8ec58e46110,7770421988,2099007770421988000001,2026-02-01 08:00:44,PURCHASE,PURCHASE,Оплата занятий с репетитором,4521445091,dbdbb688d43141d38f3901d82bfb1620,5599004387129880,Смирнов,Олег,Викторович,1996-11-03,Профи Обучение,T181393310,8299,99,MOSCOW,"MOSCOW, Профи Обучение, online",750,23761.88,RUB,DENY нетипичная сумма оплаты курсов,39999,2081,G,E,deny,ISSUER,processed,40817810400077512440,40817810400077512440,education_payment_risk,RU,RU,966538,2026-02-02 08:20:44.000,False,61972532,20260201,20260201
18,8ed349b5473e4bf4ba243fa9364777f0,8ed349b5-473e-4bf4-ba24-3fa9364777f0,7770421994,2099007770421994000001,2026-02-01 17:03:05,PAYMENT,EDUCATION,Оплата онлайн-курсов,4517399016,4469a2950fa54ea0821ab52eebea076b,5599004387129941,Васильева,Ольга,Романовна,1980-12-30,Яндекс Практикум,T586836788,8299,99,MOSCOW,"MOSCOW, Яндекс Практикум, online",948,71040.11,RUB,DENY новый образовательный получатель и высокий риск устройства,48562,0584,G,E,allow,UFS.MOBILEAPI,processed,40817810400077615722,40817810400077615722,education_payment_regular_hit,RU,RU,405199,2026-02-02 17:23:05.000,False,53858526,20260201,20260201
19,7de11b5094e743cb85adddad0665322b,7de11b50-94e7-43cb-85ad-ddad0665322b,7770421995,2099007770421995000001,2026-02-02 17:39:15,PAYMENT,EDUCATION,Оплата экзамена,4525880142,2adb52076e5641e589c1a67deb1187ec,5599004387129958,Никитин,Сергей,Алексеевич,1992-08-24,Центр тестирования,T616217694,8299,99,MOSCOW,"MOSCOW, Центр тестирования, online",800,30629.22,RUB,DENY новый образовательный получатель и высокий риск устройства,13397,1185,G,E,allow,UFS.MOBILEAPI,processed,40817810400077550143,40817810400077550143,education_payment_regular_hit,RU,RU,333094,2026-02-03 17:59:15.000,False,13279852,20260202,20260202
20,04417fecd6974b40870506471d5bc252,04417fec-d697-4b40-8705-06471d5bc252,7770421993,2099007770421993000001,2026-02-03 08:36:22,PURCHASE,PURCHASE,Оплата учебных материалов,4524672831,315ba6999a46430c881b3f5eb069f71e,5599004387129934,Орлов,Павел,Максимович,1999-06-17,ЛитРес Образование,T435646481,5942,99,MOSCOW,"MOSCOW, ЛитРес Образование, online",817,16511.05,RUB,DENY регулярные платежи образовательной платформе с высоким риском,92846,7091,G,E,deny,ISSUER,processed,40817810400077882314,40817810400077882314,education_payment_regular_hit,RU,RU,909534,2026-02-04 08:56:22.000,False,42728304,20260203,20260203
21,38ea23f7e4944faea3b547e658ef95e2,38ea23f7-e494-4fae-a3b5-47e658ef95e2,7770421994,2099007770421994000001,2026-02-04 11:57:47,PAYMENT,EDUCATION,Оплата онлайн-курсов,4517399016,c2ef45b9807f43ec9f23b0fac378b60f,5599004387129941,Васильева,Ольга,Романовна,1980-12-30,Яндекс Практикум,T037321516,8299,99,MOSCOW,"MOSCOW, Яндекс Практикум, online",791,127240.87,RUB,DENY регулярные платежи образовательной платформе с высоким риском,53160,0324,F,E,allow,UFS.MOBILEAPI,processed,40817810400077615722,40817810400077615722,education_payment_regular_hit,RU,RU,542415,2026-02-05 12:17:47.000,False,79816424,20260204,20260204
22,e65d17a3d0234e38ba8e1f0377a88fe2,e65d17a3-d023-4e38-ba8e-1f0377a88fe2,7770421995,2099007770421995000001,2026-02-05 11:33:57,PAYMENT,EDUCATION,Оплата экзамена,4525880142,726df6a419ab4d449c4c740e9ca8be67,5599004387129958,Никитин,Сергей,Алексеевич,1992-08-24,Центр тестирования,T282055439,8299,99,MOSCOW,"MOSCOW, Центр тестирования, online",874,21799.17,RUB,DENY регулярные платежи образовательной платформе с высоким риском,06292,1394,F,E,allow,UFS.MOBILEAPI,processed,40817810400077550143,40817810400077550143,education_payment_regular_hit,RU,RU,915095,2026-02-06 11:53:57.000,False,04885883,20260205,20260205
23,ada3045bbbe54064817ee5e0eec0128d,ada3045b-bbe5-4064-817e-e5e0eec0128d,7770421989,2099007770421989000001,2026-02-05 14:30:36,PURCHASE,PURCHASE,Оплата обучения,4517763205,15c349360a2b4a8981175f255cb318f8,5599004387129897,Петрова,Марина,Олеговна,1978-02-19,Университет Синергия,T066888669,8299,99,MOSCOW,"MOSCOW, Университет Синергия, online",787,100884.68,RUB,CARD_DENY крупная покупка образовательных услуг после cash-in,83228,4214,F,E,allow,ISSUER,processed,40817810400077771091,40817810400077771091,education_payment_risk,RU,RU,255323,2026-02-06 14:50:36.000,False,85260055,20260205,20260205
24,801de5d20e624913a13cedeb8e6c5863,801de5d2-0e62-4913-a13c-edeb8e6c5863,7770421986,2099007770421986000001,2026-02-05 17:51:33,PAYMENT,EDUCATION,Оплата экзамена,4519884216,5410704d12eb4e3389120a00b1ca9e9d,5599004387129866,Кузнецов,Андрей,Сергеевич,1984-05-14,Центр тестирования,T013297245,8299,99,MOSCOW,"MOSCOW, Центр тестирования, online",961,12277.87,RUB,DENY оплата обучения после смены устройства,02211,1609,F,E,allow,UFS.MOBILEAPI,processed,40817810400077421865,40817810400077421865,education_payment_risk,RU,RU,431794,2026-02-06 18:11:33.000,False,59349090,20260205,20260205
25,ef3b610980d04a36aefe9c31d1fd53bb,ef3b6109-80d0-4a36-aefe-9c31d1fd53bb,7770421993,2099007770421993000001,2026-02-06 14:30:04,PURCHASE,PURCHASE,Оплата учебных материалов,4524672831,25fc5e8d1e8e4fa68cd184c50463d3a1,5599004387129934,Орлов,Павел,Максимович,1999-06-17,ЛитРес Образование,T622463897,5942,99,MOSCOW,"MOSCOW, ЛитРес Образование, online",676,7075.05,RUB,DENY нетипичная сумма оплаты курсов,36928,0609,G,E,allow,ISSUER,processed,40817810400077882314,40817810400077882314,education_payment_regular_hit,RU,RU,183580,2026-02-07 14:50:04.000,False,43767278,20260206,20260206
26,590547218fe1431dbdd42238aa80595a,59054721-8fe1-431d-bdd4-2238aa80595a,7770421987,2099007770421987000001,2026-02-06 17:27:43,PAYMENT,EDUCATION,Оплата образовательной платформы,4520113377,475d92bf5fa7473abbf8ce4253cfaf6e,5599004387129873,Иванова,Елена,Павловна,1990-07-22,Skillbox,T073772073,8299,99,MOSCOW,"MOSCOW, Skillbox, online",857,209649.54,RUB,DENY оплата обучения после смены устройства,31342,6334,G,E,allow,UFS.MOBILEAPI,processed,40817810400077104921,40817810400077104921,education_payment_risk,RU,RU,695723,2026-02-07 17:47:43.000,False,95601916,20260206,20260206
27,d6148d651c4e40e882771ab5fb5dacfb,d6148d65-1c4e-40e8-8277-1ab5fb5dacfb,7770421990,2099007770421990000001,2026-02-06 17:51:01,PAYMENT,EDUCATION,Оплата образовательной платформы,4522851740,2e9c4e3f90f6464e8884d02fed952518,5599004387129903,Соколова,Анна,Дмитриевна,1994-04-28,Skillbox,T794437163,8299,99,MOSCOW,"MOSCOW, Skillbox, online",824,227627.19,RUB,CARD_DENY крупная покупка образовательных услуг после cash-in,84973,0363,F,E,allow,UFS.MOBILEAPI,processed,40817810400077218776,40817810400077218776,education_payment_risk,RU,RU,789588,2026-02-07 18:11:01.000,False,67973752,20260206,20260206
28,19abca88dd864dadac9fe7b6ca45e6ad,19abca88-dd86-4dad-ac9f-e7b6ca45e6ad,7770421988,2099007770421988000001,2026-02-07 08:48:08,PURCHASE,PURCHASE,Оплата занятий с репетитором,4521445091,4839bbd9606742c990e74df8fdab792e,5599004387129880,Смирнов,Олег,Викторович,1996-11-03,Профи Обучение,T741044951,8299,99,MOSCOW,"MOSCOW, Профи Обучение, online",804,42366.05,RUB,DENY оплата обучения после смены устройства,59148,6284,L,E,deny,ISSUER,processed,40817810400077512440,40817810400077512440,education_payment_risk,RU,RU,573132,2026-02-08 09:08:08.000,False,56600516,20260207,20260207
29,52819d11d9744039ae4dea6c63174582,52819d11-d974-4039-ae4d-ea6c63174582,7770421994,2099007770421994000001,2026-02-07 17:51:29,PAYMENT,EDUCATION,Оплата онлайн-курсов,4517399016,7d213dc193f04672ad277935b01ca72f,5599004387129941,Васильева,Ольга,Романовна,1980-12-30,Яндекс Практикум,T821075237,8299,99,MOSCOW,"MOSCOW, Яндекс Практикум, online",997,173520.08,RUB,DENY нетипичная сумма оплаты курсов,95427,4963,G,E,allow,UFS.MOBILEAPI,processed,40817810400077615722,40817810400077615722,education_payment_regular_hit,RU,RU,725477,2026-02-08 18:11:29.000,False,15195504,20260207,20260207
30,fa22e4b50d6c43fdbe93eb21d1b18e28,fa22e4b5-0d6c-43fd-be93-eb21d1b18e28,7770421995,2099007770421995000001,2026-02-08 17:27:39,PAYMENT,EDUCATION,Оплата экзамена,4525880142,e82dc489bfa64aceaf56f0354de4882a,5599004387129958,Никитин,Сергей,Алексеевич,1992-08-24,Центр тестирования,T379835002,8299,99,MOSCOW,"MOSCOW, Центр тестирования, online",709,37676.91,RUB,DENY нетипичная сумма оплаты курсов,33028,8993,F,E,allow,UFS.MOBILEAPI,processed,40817810400077550143,40817810400077550143,education_payment_regular_hit,RU,RU,250819,2026-02-09 17:47:39.000,False,20340379,20260208,20260208
31,59bc052b5aee4e1fa69264631dc21b3c,59bc052b-5aee-4e1f-a692-64631dc21b3c,7770421993,2099007770421993000001,2026-02-09 08:24:46,PURCHASE,PURCHASE,Оплата учебных материалов,4524672831,09f4a85c89e94242bbc0c3194daa93a7,5599004387129934,Орлов,Павел,Максимович,1999-06-17,ЛитРес Образование,T114888998,5942,99,MOSCOW,"MOSCOW, ЛитРес Образование, online",653,2957.29,RUB,CARD_DENY крупная покупка образовательных услуг после cash-in,34203,7510,G,E,deny,ISSUER,processed,40817810400077882314,40817810400077882314,education_payment_regular_hit,RU,RU,887359,2026-02-10 08:44:46.000,False,19056553,20260209,20260209
32,58768e3ef6ae45de81b745b217685c27,58768e3e-f6ae-45de-81b7-45b217685c27,7770421994,2099007770421994000001,2026-02-10 08:00:56,PURCHASE,PURCHASE,Оплата занятий с репетитором,4517399016,77223dfe3d2e4a2f95ba16631a6a6869,5599004387129941,Васильева,Ольга,Романовна,1980-12-30,Профи Обучение,T738884865,8299,99,MOSCOW,"MOSCOW, Профи Обучение, online",789,27110.13,RUB,CARD_DENY крупная покупка образовательных услуг после cash-in,63655,5911,F,E,deny,ISSUER,processed,40817810400077615722,40817810400077615722,education_payment_regular_hit,RU,RU,643086,2026-02-11 08:20:56.000,False,11277431,20260210,20260210
33,a928cc75a9de4b9e9b718d5d2a6fb181,a928cc75-a9de-4b9e-9b71-8d5d2a6fb181,7770421995,2099007770421995000001,2026-02-11 11:21:21,PAYMENT,EDUCATION,Оплата экзамена,4525880142,c973fc5c009843d79a3f6e6531b42b74,5599004387129958,Никитин,Сергей,Алексеевич,1992-08-24,Центр тестирования,T941173645,8299,99,MOSCOW,"MOSCOW, Центр тестирования, online",999,10183.94,RUB,CARD_DENY крупная покупка образовательных услуг после cash-in,67069,2631,F,E,allow,UFS.MOBILEAPI,processed,40817810400077550143,40817810400077550143,education_payment_regular_hit,RU,RU,709703,2026-02-12 11:41:21.000,False,23925395,20260211,20260211
34,9a04dd2066e24648af94549502ce66ce,9a04dd20-66e2-4648-af94-549502ce66ce,7770421989,2099007770421989000001,2026-02-11 14:18:00,PURCHASE,PURCHASE,Оплата обучения,4517763205,7804baa84b824e16abe2bc83c17e15e3,5599004387129897,Петрова,Марина,Олеговна,1978-02-19,Университет Синергия,T994807504,8299,99,MOSCOW,"MOSCOW, Университет Синергия, online",689,171399.14,RUB,DENY новый образовательный получатель и высокий риск устройства,46613,6382,G,E,allow,ISSUER,processed,40817810400077771091,40817810400077771091,education_payment_risk,RU,RU,224330,2026-02-12 14:38:00.000,False,53208965,20260211,20260211
35,e6cbfea2161b45038505fdf57c2100c9,e6cbfea2-161b-4503-8505-fdf57c2100c9,7770421986,2099007770421986000001,2026-02-11 17:39:57,PAYMENT,EDUCATION,Оплата экзамена,4519884216,8b056ac710904a0881c18ca009860bff,5599004387129866,Кузнецов,Андрей,Сергеевич,1984-05-14,Центр тестирования,T332000719,8299,99,MOSCOW,"MOSCOW, Центр тестирования, online",981,29947.18,RUB,DENY регулярные платежи образовательной платформе с высоким риском,84911,1006,G,E,allow,UFS.MOBILEAPI,processed,40817810400077421865,40817810400077421865,education_payment_risk,RU,RU,496381,2026-02-12 17:59:57.000,False,50946840,20260211,20260211
36,5b7b0804a24c470e8a437afab960f313,5b7b0804-a24c-470e-8a43-7afab960f313,7770421993,2099007770421993000001,2026-02-12 14:18:28,PURCHASE,PURCHASE,Оплата учебных материалов,4524672831,158758df41524d539da1575803a2a110,5599004387129934,Орлов,Павел,Максимович,1999-06-17,ЛитРес Образование,T285906846,5942,99,MOSCOW,"MOSCOW, ЛитРес Образование, online",767,4962.89,RUB,DENY оплата обучения после смены устройства,59720,9782,G,E,allow,ISSUER,processed,40817810400077882314,40817810400077882314,education_payment_regular_hit,RU,RU,461614,2026-02-13 14:38:28.000,False,74272649,20260212,20260212
37,56d7b27df29547789828e7b832876484,56d7b27d-f295-4778-9828-e7b832876484,7770421987,2099007770421987000001,2026-02-12 17:15:07,PAYMENT,EDUCATION,Оплата образовательной платформы,4520113377,9614ffeec00941b0a015dc0ba691d3c1,5599004387129873,Иванова,Елена,Павловна,1990-07-22,Skillbox,T092838604,8299,99,MOSCOW,"MOSCOW, Skillbox, online",695,189105.85,RUB,DENY регулярные платежи образовательной платформе с высоким риском,67992,1977,L,E,allow,UFS.MOBILEAPI,processed,40817810400077104921,40817810400077104921,education_payment_risk,RU,RU,504291,2026-02-13 17:35:07.000,False,23715500,20260212,20260212
38,f90dd9fac56a40a7b0ea233fe0e04cd5,f90dd9fa-c56a-40a7-b0ea-233fe0e04cd5,7770421990,2099007770421990000001,2026-02-12 17:39:25,PAYMENT,EDUCATION,Оплата образовательной платформы,4522851740,c03530cd4aeb48829958c07ea38be86d,5599004387129903,Соколова,Анна,Дмитриевна,1994-04-28,Skillbox,T022068268,8299,99,MOSCOW,"MOSCOW, Skillbox, online",838,90157.29,RUB,DENY новый образовательный получатель и высокий риск устройства,03294,5870,L,E,allow,UFS.MOBILEAPI,processed,40817810400077218776,40817810400077218776,education_payment_risk,RU,RU,949980,2026-02-13 17:59:25.000,False,54016412,20260212,20260212
39,bf3bd697bc794af3a563479323bc23c1,bf3bd697-bc79-4af3-a563-479323bc23c1,7770421988,2099007770421988000001,2026-02-13 08:36:32,PURCHASE,PURCHASE,Оплата занятий с репетитором,4521445091,a316d111656e439bbe28591a629e5d40,5599004387129880,Смирнов,Олег,Викторович,1996-11-03,Профи Обучение,T880578403,8299,99,MOSCOW,"MOSCOW, Профи Обучение, online",939,51546.23,RUB,DENY регулярные платежи образовательной платформе с высоким риском,49585,3594,L,E,deny,ISSUER,processed,40817810400077512440,40817810400077512440,education_payment_risk,RU,RU,024413,2026-02-14 08:56:32.000,False,06624087,20260213,20260213
40,cd2e528cf3e04212b2cb5bc83b6b6209,cd2e528c-f3e0-4212-b2cb-5bc83b6b6209,7770421994,2099007770421994000001,2026-02-13 14:54:38,PURCHASE,PURCHASE,Оплата занятий с репетитором,4517399016,999a95cfc3944bdda459fbda6872bd89,5599004387129941,Васильева,Ольга,Романовна,1980-12-30,Профи Обучение,T305551474,8299,99,MOSCOW,"MOSCOW, Профи Обучение, online",691,35269.62,RUB,DENY оплата обучения после смены устройства,62672,1082,G,E,allow,ISSUER,processed,40817810400077615722,40817810400077615722,education_payment_regular_hit,RU,RU,306753,2026-02-14 15:14:38.000,False,52077602,20260213,20260213
41,0da6f12d75fb4ea09d10b6a241508b80,0da6f12d-75fb-4ea0-9d10-b6a241508b80,7770421995,2099007770421995000001,2026-02-14 17:15:03,PAYMENT,EDUCATION,Оплата экзамена,4525880142,6d3c9d3860fc4e058229de758c896a14,5599004387129958,Никитин,Сергей,Алексеевич,1992-08-24,Центр тестирования,T028590348,8299,99,MOSCOW,"MOSCOW, Центр тестирования, online",902,24036.77,RUB,DENY оплата обучения после смены устройства,18006,8548,G,E,allow,UFS.MOBILEAPI,processed,40817810400077550143,40817810400077550143,education_payment_regular_hit,RU,RU,098479,2026-02-15 17:35:03.000,False,34544999,20260214,20260214
42,3124520a08ad4ab1b0317f6f1642205d,3124520a-08ad-4ab1-b031-7f6f1642205d,7770421993,2099007770421993000001,2026-02-15 08:12:10,PURCHASE,PURCHASE,Оплата учебных материалов,4524672831,ed4f98d4264d4380b6c4289f67d23884,5599004387129934,Орлов,Павел,Максимович,1999-06-17,ЛитРес Образование,T615164102,5942,99,MOSCOW,"MOSCOW, ЛитРес Образование, online",668,8738.29,RUB,DENY новый образовательный получатель и высокий риск устройства,70000,8632,L,E,deny,ISSUER,processed,40817810400077882314,40817810400077882314,education_payment_regular_hit,RU,RU,388983,2026-02-16 08:32:10.000,False,52068190,20260215,20260215
43,ad94a53cb8fb4e2b972ef9e2285c609a,ad94a53c-b8fb-4e2b-972e-f9e2285c609a,7770421994,2099007770421994000001,2026-02-16 08:48:20,PURCHASE,PURCHASE,Оплата занятий с репетитором,4517399016,f7e6340186d744ba97b867f456d00463,5599004387129941,Васильева,Ольга,Романовна,1980-12-30,Профи Обучение,T560307174,8299,99,MOSCOW,"MOSCOW, Профи Обучение, online",792,38247.74,RUB,DENY новый образовательный получатель и высокий риск устройства,91404,5025,G,E,deny,ISSUER,processed,40817810400077615722,40817810400077615722,education_payment_regular_hit,RU,RU,876390,2026-02-17 09:08:20.000,False,48966040,20260216,20260216
44,6f5ca8c4ba264eef842bad8f9573e3aa,6f5ca8c4-ba26-4eef-842b-ad8f9573e3aa,7770421995,2099007770421995000001,2026-02-17 11:09:45,PAYMENT,EDUCATION,Оплата экзамена,4525880142,001f5440e2dc4a9db38f4b2493c1159d,5599004387129958,Никитин,Сергей,Алексеевич,1992-08-24,Центр тестирования,T946790723,8299,99,MOSCOW,"MOSCOW, Центр тестирования, online",725,43294.68,RUB,DENY новый образовательный получатель и высокий риск устройства,45361,3317,G,E,allow,UFS.MOBILEAPI,processed,40817810400077550143,40817810400077550143,education_payment_regular_hit,RU,RU,348832,2026-02-18 11:29:45.000,False,06842585,20260217,20260217
45,649d3eeb57784071b76e60f19c9aac36,649d3eeb-5778-4071-b76e-60f19c9aac36,7770421989,2099007770421989000001,2026-02-17 14:06:24,PURCHASE,PURCHASE,Оплата обучения,4517763205,877fe770e19c4648a450cf1367bf79fc,5599004387129897,Петрова,Марина,Олеговна,1978-02-19,Университет Синергия,T977503739,8299,99,MOSCOW,"MOSCOW, Университет Синергия, online",950,165072.64,RUB,DENY нетипичная сумма оплаты курсов,38108,9918,G,E,allow,ISSUER,processed,40817810400077771091,40817810400077771091,education_payment_risk,RU,RU,417148,2026-02-18 14:26:24.000,False,34629781,20260217,20260217
46,6372b7045cbe41d89a2d7acfc7c7cf52,6372b704-5cbe-41d8-9a2d-7acfc7c7cf52,7770421986,2099007770421986000001,2026-02-17 14:42:06,PURCHASE,PURCHASE,Оплата обучения,4519884216,3ac3e8db76914bf6836815044b3222a5,5599004387129866,Кузнецов,Андрей,Сергеевич,1984-05-14,Университет Синергия,T967471609,8299,99,MOSCOW,"MOSCOW, Университет Синергия, online",881,172701.18,RUB,CARD_DENY крупная покупка образовательных услуг после cash-in,58564,9074,F,E,allow,ISSUER,processed,40817810400077421865,40817810400077421865,education_payment_risk,RU,RU,477057,2026-02-18 15:02:06.000,False,41055302,20260217,20260217
47,e01c4f28794a4ca69892d2e72b724530,e01c4f28-794a-4ca6-9892-d2e72b724530,7770421993,2099007770421993000001,2026-02-18 14:06:52,PURCHASE,PURCHASE,Оплата учебных материалов,4524672831,e34408139d93405eab0b73d963290163,5599004387129934,Орлов,Павел,Максимович,1999-06-17,ЛитРес Образование,T336707553,5942,99,MOSCOW,"MOSCOW, ЛитРес Образование, online",904,22782.32,RUB,DENY регулярные платежи образовательной платформе с высоким риском,37431,3227,L,E,allow,ISSUER,processed,40817810400077882314,40817810400077882314,education_payment_regular_hit,RU,RU,876778,2026-02-19 14:26:52.000,False,54757490,20260218,20260218
48,74ef660347fc49d0a05fa87396dac20e,74ef6603-47fc-49d0-a05f-a87396dac20e,7770421990,2099007770421990000001,2026-02-18 14:42:34,PURCHASE,PURCHASE,Оплата учебных материалов,4522851740,e36f9693455b4df7afa1866884eb690d,5599004387129903,Соколова,Анна,Дмитриевна,1994-04-28,ЛитРес Образование,T516630484,5942,99,MOSCOW,"MOSCOW, ЛитРес Образование, online",977,3679.06,RUB,DENY нетипичная сумма оплаты курсов,68144,6029,G,E,allow,ISSUER,processed,40817810400077218776,40817810400077218776,education_payment_risk,RU,RU,564844,2026-02-19 15:02:34.000,False,25290339,20260218,20260218
49,0268456d1e3f47eb9e2797b60d587d63,0268456d-1e3f-47eb-9e27-97b60d587d63,7770421987,2099007770421987000001,2026-02-18 17:03:31,PAYMENT,EDUCATION,Оплата образовательной платформы,4520113377,86de9db0cc0242bf812fcaef6587f929,5599004387129873,Иванова,Елена,Павловна,1990-07-22,Skillbox,T514979488,8299,99,MOSCOW,"MOSCOW, Skillbox, online",942,127004.40,RUB,CARD_DENY крупная покупка образовательных услуг после cash-in,46357,6783,G,E,allow,UFS.MOBILEAPI,processed,40817810400077104921,40817810400077104921,education_payment_risk,RU,RU,162582,2026-02-19 17:23:31.000,False,60654661,20260218,20260218
50,510c3b6b544443c4b82312ccb32f1f28,510c3b6b-5444-43c4-b823-12ccb32f1f28,7770421994,2099007770421994000001,2026-02-19 14:42:02,PURCHASE,PURCHASE,Оплата занятий с репетитором,4517399016,64704cd8d9ad493d9987e3853369abce,5599004387129941,Васильева,Ольга,Романовна,1980-12-30,Профи Обучение,T017825211,8299,99,MOSCOW,"MOSCOW, Профи Обучение, online",733,24071.35,RUB,DENY регулярные платежи образовательной платформе с высоким риском,99979,3460,F,E,allow,ISSUER,processed,40817810400077615722,40817810400077615722,education_payment_regular_hit,RU,RU,650575,2026-02-20 15:02:02.000,False,56451924,20260219,20260219
51,24cb9c2828a341f8aa9e90520642757d,24cb9c28-28a3-41f8-aa9e-90520642757d,7770421988,2099007770421988000001,2026-02-19 17:39:41,PAYMENT,EDUCATION,Оплата онлайн-курсов,4521445091,fa19553520aa4b9dbaed833699bdf25f,5599004387129880,Смирнов,Олег,Викторович,1996-11-03,Яндекс Практикум,T262138412,8299,99,MOSCOW,"MOSCOW, Яндекс Практикум, online",873,122014.70,RUB,CARD_DENY крупная покупка образовательных услуг после cash-in,39077,0530,L,E,allow,UFS.MOBILEAPI,processed,40817810400077512440,40817810400077512440,education_payment_risk,RU,RU,052723,2026-02-20 17:59:41.000,False,65157563,20260219,20260219
52,fc45df81394b445190101b4e04b7591a,fc45df81-394b-4451-9010-1b4e04b7591a,7770421995,2099007770421995000001,2026-02-20 17:03:27,PAYMENT,EDUCATION,Оплата экзамена,4525880142,b499801ddb814bea95d88d27c3e8d032,5599004387129958,Никитин,Сергей,Алексеевич,1992-08-24,Центр тестирования,T864092622,8299,99,MOSCOW,"MOSCOW, Центр тестирования, online",915,25710.38,RUB,DENY регулярные платежи образовательной платформе с высоким риском,26600,7763,L,E,allow,UFS.MOBILEAPI,processed,40817810400077550143,40817810400077550143,education_payment_regular_hit,RU,RU,281375,2026-02-21 17:23:27.000,False,02049852,20260220,20260220
53,be28534bba2840d1803a3a93541f3081,be28534b-ba28-40d1-803a-3a93541f3081,7770421993,2099007770421993000001,2026-02-21 08:00:34,PURCHASE,PURCHASE,Оплата учебных материалов,4524672831,89b605fb0abe4e77b610cfaaba9946c0,5599004387129934,Орлов,Павел,Максимович,1999-06-17,ЛитРес Образование,T458044370,5942,99,MOSCOW,"MOSCOW, ЛитРес Образование, online",756,7676.18,RUB,DENY нетипичная сумма оплаты курсов,49020,0942,L,E,deny,ISSUER,processed,40817810400077882314,40817810400077882314,education_payment_regular_hit,RU,RU,188414,2026-02-22 08:20:34.000,False,81365482,20260221,20260221
54,6a9e910017a747b482d5247c4fda12e8,6a9e9100-17a7-47b4-82d5-247c4fda12e8,7770421994,2099007770421994000001,2026-02-22 08:36:44,PURCHASE,PURCHASE,Оплата занятий с репетитором,4517399016,365f531192904f4a8807daf4814789c4,5599004387129941,Васильева,Ольга,Романовна,1980-12-30,Профи Обучение,T583568439,8299,99,MOSCOW,"MOSCOW, Профи Обучение, online",981,12273.04,RUB,DENY нетипичная сумма оплаты курсов,29466,1583,F,E,deny,ISSUER,processed,40817810400077615722,40817810400077615722,education_payment_regular_hit,RU,RU,261349,2026-02-23 08:56:44.000,False,44805488,20260222,20260222
55,fb8c0301c94042fdaf4c7b2eabb1f66f,fb8c0301-c940-42fd-af4c-7b2eabb1f66f,7770421995,2099007770421995000001,2026-02-23 08:12:54,PURCHASE,PURCHASE,Оплата обучения,4525880142,69887d887b3247b99ffeca5bcedbef56,5599004387129958,Никитин,Сергей,Алексеевич,1992-08-24,Университет Синергия,T895682271,8299,99,MOSCOW,"MOSCOW, Университет Синергия, online",981,135483.95,RUB,DENY нетипичная сумма оплаты курсов,51531,2348,F,E,deny,ISSUER,processed,40817810400077550143,40817810400077550143,education_payment_regular_hit,RU,RU,747580,2026-02-24 08:32:54.000,False,47170107,20260223,20260223
56,4068e8d7bcdc414283a8a4114c1e8e98,4068e8d7-bcdc-4142-83a8-a4114c1e8e98,7770421986,2099007770421986000001,2026-02-23 14:30:30,PURCHASE,PURCHASE,Оплата обучения,4519884216,72eea4634c9e4fd98eb4e44728e60130,5599004387129866,Кузнецов,Андрей,Сергеевич,1984-05-14,Университет Синергия,T734308350,8299,99,MOSCOW,"MOSCOW, Университет Синергия, online",957,142840.77,RUB,DENY новый образовательный получатель и высокий риск устройства,27852,6860,F,E,allow,ISSUER,processed,40817810400077421865,40817810400077421865,education_payment_risk,RU,RU,903327,2026-02-24 14:50:30.000,False,67342163,20260223,20260223
57,2284ee73e17744b9a184cc39f40f82b1,2284ee73-e177-44b9-a184-cc39f40f82b1,7770421989,2099007770421989000001,2026-02-23 14:54:48,PURCHASE,PURCHASE,Оплата обучения,4517763205,5abb28a1687d42e3a75db789ffcd991b,5599004387129897,Петрова,Марина,Олеговна,1978-02-19,Университет Синергия,T661744782,8299,99,MOSCOW,"MOSCOW, Университет Синергия, online",861,105121.16,RUB,DENY оплата обучения после смены устройства,15897,0860,F,E,allow,ISSUER,processed,40817810400077771091,40817810400077771091,education_payment_risk,RU,RU,243206,2026-02-24 15:14:48.000,False,09018854,20260223,20260223
58,66f9424dc1994ed492462cb9d540b428,66f9424d-c199-4ed4-9246-2cb9d540b428,7770421993,2099007770421993000001,2026-02-24 11:09:01,PAYMENT,EDUCATION,Оплата образовательной платформы,4524672831,ffd2d4ae35b043b78013bee13165de11,5599004387129934,Орлов,Павел,Максимович,1999-06-17,Skillbox,T237037386,8299,99,MOSCOW,"MOSCOW, Skillbox, online",941,119382.55,RUB,CARD_DENY крупная покупка образовательных услуг после cash-in,91999,5630,F,E,allow,UFS.MOBILEAPI,processed,40817810400077882314,40817810400077882314,education_payment_regular_hit,RU,RU,268387,2026-02-25 11:29:01.000,False,40182088,20260224,20260224
59,1c9d7ad1ecbc4f629ca145e6e5f55075,1c9d7ad1-ecbc-4f62-9ca1-45e6e5f55075,7770421990,2099007770421990000001,2026-02-24 14:30:58,PURCHASE,PURCHASE,Оплата учебных материалов,4522851740,3963e07f17e54406ac2d31fabb87bffc,5599004387129903,Соколова,Анна,Дмитриевна,1994-04-28,ЛитРес Образование,T000673807,5942,99,MOSCOW,"MOSCOW, ЛитРес Образование, online",981,15213.91,RUB,DENY оплата обучения после смены устройства,71651,2758,F,E,allow,ISSUER,processed,40817810400077218776,40817810400077218776,education_payment_risk,RU,RU,859208,2026-02-25 14:50:58.000,False,15222161,20260224,20260224
60,74b3d0e25ba44345971acdc6d4781ada,74b3d0e2-5ba4-4345-971a-cdc6d4781ada,7770421987,2099007770421987000001,2026-02-24 17:51:55,PAYMENT,EDUCATION,Оплата образовательной платформы,4520113377,98626e343cec4e2cbc5cacfb62d089b6,5599004387129873,Иванова,Елена,Павловна,1990-07-22,Skillbox,T832393616,8299,99,MOSCOW,"MOSCOW, Skillbox, online",961,59941.24,RUB,DENY новый образовательный получатель и высокий риск устройства,38437,9408,G,E,allow,UFS.MOBILEAPI,processed,40817810400077104921,40817810400077104921,education_payment_risk,RU,RU,536501,2026-02-25 18:11:55.000,False,75429246,20260224,20260224
61,3f86396b536b4ac9bb096df05d80c4df,3f86396b-536b-4ac9-bb09-6df05d80c4df,7770421994,2099007770421994000001,2026-02-25 14:30:26,PURCHASE,PURCHASE,Оплата занятий с репетитором,4517399016,e8a9edabf0104a5ea011dc35b9c06530,5599004387129941,Васильева,Ольга,Романовна,1980-12-30,Профи Обучение,T627887113,8299,99,MOSCOW,"MOSCOW, Профи Обучение, online",852,10158.85,RUB,CARD_DENY крупная покупка образовательных услуг после cash-in,81828,5625,L,E,allow,ISSUER,processed,40817810400077615722,40817810400077615722,education_payment_regular_hit,RU,RU,171905,2026-02-26 14:50:26.000,False,97053357,20260225,20260225
62,82f4624546f24386aad50270686eaa09,82f46245-46f2-4386-aad5-0270686eaa09,7770421988,2099007770421988000001,2026-02-25 17:27:05,PAYMENT,EDUCATION,Оплата онлайн-курсов,4521445091,795f056e16f64799ac26586174764257,5599004387129880,Смирнов,Олег,Викторович,1996-11-03,Яндекс Практикум,T707155774,8299,99,MOSCOW,"MOSCOW, Яндекс Практикум, online",862,87121.65,RUB,DENY новый образовательный получатель и высокий риск устройства,47197,2091,G,E,allow,UFS.MOBILEAPI,processed,40817810400077512440,40817810400077512440,education_payment_risk,RU,RU,507854,2026-02-26 17:47:05.000,False,44418395,20260225,20260225
63,aa4a981959144adba6071c9a23155e7a,aa4a9819-5914-4adb-a607-1c9a23155e7a,7770421995,2099007770421995000001,2026-02-26 14:06:36,PURCHASE,PURCHASE,Оплата обучения,4525880142,7a6b8532affb45ebae3aafcb908fc49c,5599004387129958,Никитин,Сергей,Алексеевич,1992-08-24,Университет Синергия,T036465001,8299,99,MOSCOW,"MOSCOW, Университет Синергия, online",946,134706.07,RUB,CARD_DENY крупная покупка образовательных услуг после cash-in,28410,3955,F,E,allow,ISSUER,processed,40817810400077550143,40817810400077550143,education_payment_regular_hit,RU,RU,092773,2026-02-27 14:26:36.000,False,68284482,20260226,20260226
64,7e52039ae584442ab3dd3107740ea590,7e52039a-e584-442a-b3dd-3107740ea590,7770421993,2099007770421993000001,2026-02-27 17:03:43,PAYMENT,EDUCATION,Оплата образовательной платформы,4524672831,49267bf44ef04dc693821fc580063f4b,5599004387129934,Орлов,Павел,Максимович,1999-06-17,Skillbox,T997276897,8299,99,MOSCOW,"MOSCOW, Skillbox, online",795,288424.94,RUB,DENY оплата обучения после смены устройства,91075,5508,L,E,allow,UFS.MOBILEAPI,processed,40817810400077882314,40817810400077882314,education_payment_regular_hit,RU,RU,260452,2026-02-28 17:23:43.000,False,51919029,20260227,20260227
65,26ff332d71eb4df18828a8e8722aafa0,26ff332d-71eb-4df1-8828-a8e8722aafa0,7770421994,2099007770421994000001,2026-02-28 08:24:08,PURCHASE,PURCHASE,Оплата занятий с репетитором,4517399016,d9bd62ad17dc4ceba00cb67f755f14e5,5599004387129941,Васильева,Ольга,Романовна,1980-12-30,Профи Обучение,T233329187,8299,99,MOSCOW,"MOSCOW, Профи Обучение, online",885,6345.41,RUB,DENY оплата обучения после смены устройства,33927,7883,L,E,deny,ISSUER,processed,40817810400077615722,40817810400077615722,education_payment_regular_hit,RU,RU,775097,2026-03-01 08:44:08.000,False,65154246,20260228,20260228
66,584e7a000f974a7ab678e9ebf9d31618,584e7a00-0f97-4a7a-b678-e9ebf9d31618,7770421995,2099007770421995000001,2026-03-01 08:00:18,PURCHASE,PURCHASE,Оплата обучения,4525880142,b925211d3577464aa388a471b10471c0,5599004387129958,Никитин,Сергей,Алексеевич,1992-08-24,Университет Синергия,T765322295,8299,99,MOSCOW,"MOSCOW, Университет Синергия, online",885,78592.34,RUB,DENY оплата обучения после смены устройства,12617,6568,F,E,deny,ISSUER,processed,40817810400077550143,40817810400077550143,education_payment_regular_hit,RU,RU,803659,2026-03-02 08:20:18.000,False,38090940,20260301,20260301
67,69ddaa85afc24b59859dec78b6fb7a96,69ddaa85-afc2-4b59-859d-ec78b6fb7a96,7770421989,2099007770421989000001,2026-03-01 11:57:57,PAYMENT,EDUCATION,Оплата экзамена,4517763205,1a4030bf14214b2ba273f474f457efc5,5599004387129897,Петрова,Марина,Олеговна,1978-02-19,Центр тестирования,T204097722,8299,99,MOSCOW,"MOSCOW, Центр тестирования, online",704,27823.32,RUB,DENY регулярные платежи образовательной платформе с высоким риском,54584,8481,F,E,allow,UFS.MOBILEAPI,processed,40817810400077771091,40817810400077771091,education_payment_risk,RU,RU,841094,2026-03-02 12:17:57.000,False,64345301,20260301,20260301
68,279b061db5f3418898723b9de52c4372,279b061d-b5f3-4188-9872-3b9de52c4372,7770421986,2099007770421986000001,2026-03-01 14:18:54,PURCHASE,PURCHASE,Оплата обучения,4519884216,d3efb3c34b2e4599a000d67cd123bd1b,5599004387129866,Кузнецов,Андрей,Сергеевич,1984-05-14,Университет Синергия,T626061680,8299,99,MOSCOW,"MOSCOW, Университет Синергия, online",815,72697.53,RUB,DENY нетипичная сумма оплаты курсов,52553,8338,F,E,allow,ISSUER,processed,40817810400077421865,40817810400077421865,education_payment_risk,RU,RU,317918,2026-03-02 14:38:54.000,False,33760481,20260301,20260301
69,ea5d14ca3bd04cc7891bffb4519d294f,ea5d14ca-3bd0-4cc7-891b-ffb4519d294f,7770421991,2099007770421991000001,2026-03-02 09:31:43,PAYMENT,EDUCATION,Оплата экзамена,4516540029,d7b505bd9f11461bb3c7cdc295a4648e,5599004387129910,Морозов,Илья,Андреевич,1971-09-11,Центр тестирования,T563069695,8299,99,MOSCOW,"MOSCOW, Центр тестирования, online",948,27232.51,RUB,DENY оплата обучения после смены устройства,04304,2588,F,E,allow,UFS.MOBILEAPI,processed,40817810400077333501,40817810400077333501,education_payment_risk,RU,RU,448802,2026-03-03 09:51:43.000,False,77187169,20260302,20260302
70,4bbf691201a348e1bd58f502dee25b3c,4bbf6912-01a3-48e1-bd58-f502dee25b3c,7770421993,2099007770421993000001,2026-03-02 11:57:25,PAYMENT,EDUCATION,Оплата образовательной платформы,4524672831,18e26ffe679d4f95a345b3ec885619f3,5599004387129934,Орлов,Павел,Максимович,1999-06-17,Skillbox,T745506056,8299,99,MOSCOW,"MOSCOW, Skillbox, online",817,196274.38,RUB,DENY новый образовательный получатель и высокий риск устройства,61767,5145,G,E,allow,UFS.MOBILEAPI,processed,40817810400077882314,40817810400077882314,education_payment_regular_hit,RU,RU,685759,2026-03-03 12:17:25.000,False,71947210,20260302,20260302
71,40f7fbe25adc4277ba103d625ad378f8,40f7fbe2-5adc-4277-ba10-3d625ad378f8,7770421990,2099007770421990000001,2026-03-02 14:18:22,PURCHASE,PURCHASE,Оплата учебных материалов,4522851740,a35ff26847674fe696531c6ba2ea3b8e,5599004387129903,Соколова,Анна,Дмитриевна,1994-04-28,ЛитРес Образование,T806184291,5942,99,MOSCOW,"MOSCOW, ЛитРес Образование, online",688,5576.44,RUB,DENY регулярные платежи образовательной платформе с высоким риском,66448,2300,G,E,allow,ISSUER,processed,40817810400077218776,40817810400077218776,education_payment_risk,RU,RU,045289,2026-03-03 14:38:22.000,False,49347615,20260302,20260302
72,ab0f2e1d888e48fb9800a94b623ab1cc,ab0f2e1d-888e-48fb-9800-a94b623ab1cc,7770421987,2099007770421987000001,2026-03-02 14:54:04,PURCHASE,PURCHASE,Оплата учебных материалов,4520113377,6173198672fd46b18aa2c96bf9758072,5599004387129873,Иванова,Елена,Павловна,1990-07-22,ЛитРес Образование,T238675536,5942,99,MOSCOW,"MOSCOW, ЛитРес Образование, online",942,4980.98,RUB,DENY нетипичная сумма оплаты курсов,08728,8408,F,E,allow,ISSUER,processed,40817810400077104921,40817810400077104921,education_payment_risk,RU,RU,698784,2026-03-03 15:14:04.000,False,96008885,20260302,20260302
73,892f2c93ae3743a993d6da298bc0b066,892f2c93-ae37-43a9-93d6-da298bc0b066,7770421994,2099007770421994000001,2026-03-03 14:18:50,PURCHASE,PURCHASE,Оплата занятий с репетитором,4517399016,78c340ba5acd4a88bb0f21efa1903955,5599004387129941,Васильева,Ольга,Романовна,1980-12-30,Профи Обучение,T511387572,8299,99,MOSCOW,"MOSCOW, Профи Обучение, online",854,16343.65,RUB,DENY новый образовательный получатель и высокий риск устройства,51548,6818,G,E,allow,ISSUER,processed,40817810400077615722,40817810400077615722,education_payment_regular_hit,RU,RU,167049,2026-03-04 14:38:50.000,False,92096385,20260303,20260303
74,826ec207fd4b4a698e603c7052667979,826ec207-fd4b-4a69-8e60-3c7052667979,7770421988,2099007770421988000001,2026-03-03 17:15:29,PAYMENT,EDUCATION,Оплата онлайн-курсов,4521445091,4afa27455b404bf695f40dd29af412d6,5599004387129880,Смирнов,Олег,Викторович,1996-11-03,Яндекс Практикум,T505491391,8299,99,MOSCOW,"MOSCOW, Яндекс Практикум, online",668,28623.37,RUB,DENY нетипичная сумма оплаты курсов,62719,2940,G,E,allow,UFS.MOBILEAPI,processed,40817810400077512440,40817810400077512440,education_payment_risk,RU,RU,038978,2026-03-04 17:35:29.000,False,63968321,20260303,20260303
75,cf46dcbd562940faae5047a0fa50083d,cf46dcbd-5629-40fa-ae50-47a0fa50083d,7770421995,2099007770421995000001,2026-03-04 14:54:00,PURCHASE,PURCHASE,Оплата обучения,4525880142,526bae11e144454e94640e07e55b9cc8,5599004387129958,Никитин,Сергей,Алексеевич,1992-08-24,Университет Синергия,T540252169,8299,99,MOSCOW,"MOSCOW, Университет Синергия, online",760,85064.00,RUB,DENY новый образовательный получатель и высокий риск устройства,72697,2127,F,E,allow,ISSUER,processed,40817810400077550143,40817810400077550143,education_payment_regular_hit,RU,RU,683309,2026-03-05 15:14:00.000,False,96498520,20260304,20260304
76,8e22115db2ad40aaba426be0ef86af16,8e22115d-b2ad-40aa-ba42-6be0ef86af16,7770421993,2099007770421993000001,2026-03-05 17:51:07,PAYMENT,EDUCATION,Оплата образовательной платформы,4524672831,1e733daecb3043cdb24ecd9f59293435,5599004387129934,Орлов,Павел,Максимович,1999-06-17,Skillbox,T203678973,8299,99,MOSCOW,"MOSCOW, Skillbox, online",930,117599.35,RUB,DENY регулярные платежи образовательной платформе с высоким риском,87787,6006,G,E,allow,UFS.MOBILEAPI,processed,40817810400077882314,40817810400077882314,education_payment_regular_hit,RU,RU,210212,2026-03-06 18:11:07.000,False,83852206,20260305,20260305
77,0775d28019384a23a7fa7411fbc98be5,0775d280-1938-4a23-a7fa-7411fbc98be5,7770421994,2099007770421994000001,2026-03-06 17:27:17,PAYMENT,EDUCATION,Оплата онлайн-курсов,4517399016,c11466f4db4a4f9d8c5f925d8649f7e0,5599004387129941,Васильева,Ольга,Романовна,1980-12-30,Яндекс Практикум,T738857015,8299,99,MOSCOW,"MOSCOW, Яндекс Практикум, online",662,80340.80,RUB,DENY регулярные платежи образовательной платформе с высоким риском,39151,6483,L,E,allow,UFS.MOBILEAPI,processed,40817810400077615722,40817810400077615722,education_payment_regular_hit,RU,RU,395503,2026-03-07 17:47:17.000,False,69440057,20260306,20260306
78,4384c8228b6e4298afcfad1e1ef90676,4384c822-8b6e-4298-afcf-ad1e1ef90676,7770421992,2099007770421992000001,2026-03-07 08:24:24,PURCHASE,PURCHASE,Оплата обучения,4523991844,f47e4fdb0cd7455d85b9a6c02a667df5,5599004387129927,Федорова,Наталья,Игоревна,1987-01-05,Университет Синергия,T195355519,8299,99,MOSCOW,"MOSCOW, Университет Синергия, online",700,90149.31,RUB,DENY нетипичная сумма оплаты курсов,78535,7258,G,E,deny,ISSUER,processed,40817810400077441807,40817810400077441807,education_payment_risk,RU,RU,449478,2026-03-08 08:44:24.000,False,53346483,20260307,20260307
79,b2140cc0667343f9b63160874b733115,b2140cc0-6673-43f9-b631-60874b733115,7770421995,2099007770421995000001,2026-03-07 08:48:42,PURCHASE,PURCHASE,Оплата обучения,4525880142,29ca81b5e9eb49968616e0363e60c0a3,5599004387129958,Никитин,Сергей,Алексеевич,1992-08-24,Университет Синергия,T044079060,8299,99,MOSCOW,"MOSCOW, Университет Синергия, online",761,101338.98,RUB,DENY регулярные платежи образовательной платформе с высоким риском,67058,8129,G,E,deny,ISSUER,processed,40817810400077550143,40817810400077550143,education_payment_regular_hit,RU,RU,117853,2026-03-08 09:08:42.000,False,41303074,20260307,20260307
80,e2f8386025704a58adda2b5debc98396,e2f83860-2570-4a58-adda-2b5debc98396,7770421989,2099007770421989000001,2026-03-07 11:45:21,PAYMENT,EDUCATION,Оплата экзамена,4517763205,81e91c0d04504930abf8934d91dc57bf,5599004387129897,Петрова,Марина,Олеговна,1978-02-19,Центр тестирования,T040346759,8299,99,MOSCOW,"MOSCOW, Центр тестирования, online",701,34371.84,RUB,CARD_DENY крупная покупка образовательных услуг после cash-in,27738,4071,G,E,allow,UFS.MOBILEAPI,processed,40817810400077771091,40817810400077771091,education_payment_risk,RU,RU,287284,2026-03-08 12:05:21.000,False,46971409,20260307,20260307
81,4580c9817770470094de738b069d9dae,4580c981-7770-4700-94de-738b069d9dae,7770421986,2099007770421986000001,2026-03-07 14:06:18,PURCHASE,PURCHASE,Оплата обучения,4519884216,e88f390dc1b8436cb3fba1d49f37822d,5599004387129866,Кузнецов,Андрей,Сергеевич,1984-05-14,Университет Синергия,T718082180,8299,99,MOSCOW,"MOSCOW, Университет Синергия, online",672,109703.94,RUB,DENY оплата обучения после смены устройства,06319,6182,G,E,allow,ISSUER,processed,40817810400077421865,40817810400077421865,education_payment_risk,RU,RU,281045,2026-03-08 14:26:18.000,False,16285375,20260307,20260307
82,05afdeeaba6f44bca4e272283e7cb05b,05afdeea-ba6f-44bc-a4e2-72283e7cb05b,7770421990,2099007770421990000001,2026-03-08 11:21:31,PAYMENT,EDUCATION,Оплата образовательной платформы,4522851740,094593180bdb4cf0bb81cb8598c758f9,5599004387129903,Соколова,Анна,Дмитриевна,1994-04-28,Skillbox,T035993035,8299,99,MOSCOW,"MOSCOW, Skillbox, online",678,299352.16,RUB,CARD_DENY крупная покупка образовательных услуг после cash-in,71019,3355,F,E,allow,UFS.MOBILEAPI,processed,40817810400077218776,40817810400077218776,education_payment_risk,RU,RU,536247,2026-03-09 11:41:31.000,False,46797258,20260308,20260308
83,16e43df4367f407480697ab6cd0ee190,16e43df4-367f-4074-8069-7ab6cd0ee190,7770421993,2099007770421993000001,2026-03-08 11:45:49,PAYMENT,EDUCATION,Оплата образовательной платформы,4524672831,122a852e0d6d42d388c2370b7b5ae9d4,5599004387129934,Орлов,Павел,Максимович,1999-06-17,Skillbox,T110642691,8299,99,MOSCOW,"MOSCOW, Skillbox, online",930,188776.13,RUB,DENY нетипичная сумма оплаты курсов,83744,6378,G,E,allow,UFS.MOBILEAPI,processed,40817810400077882314,40817810400077882314,education_payment_regular_hit,RU,RU,131660,2026-03-09 12:05:49.000,False,06390005,20260308,20260308
84,b6f9c51828f448b5a6eb79c862ecb3a5,b6f9c518-28f4-48b5-a6eb-79c862ecb3a5,7770421987,2099007770421987000001,2026-03-08 14:42:28,PURCHASE,PURCHASE,Оплата учебных материалов,4520113377,7802648360464d95bf6d9c68bd5443a9,5599004387129873,Иванова,Елена,Павловна,1990-07-22,ЛитРес Образование,T508316913,5942,99,MOSCOW,"MOSCOW, ЛитРес Образование, online",669,16658.70,RUB,DENY оплата обучения после смены устройства,45392,9027,F,E,allow,ISSUER,processed,40817810400077104921,40817810400077104921,education_payment_risk,RU,RU,081849,2026-03-09 15:02:28.000,False,16943346,20260308,20260308
85,127f90fc56034cf6a56a4f8fcd32688a,127f90fc-5603-4cf6-a56a-4f8fcd32688a,7770421994,2099007770421994000001,2026-03-09 11:21:59,PAYMENT,EDUCATION,Оплата онлайн-курсов,4517399016,35e56a3a726242aaa0357f706fe146a1,5599004387129941,Васильева,Ольга,Романовна,1980-12-30,Яндекс Практикум,T581850012,8299,99,MOSCOW,"MOSCOW, Яндекс Практикум, online",662,97799.28,RUB,DENY нетипичная сумма оплаты курсов,47625,4987,F,E,allow,UFS.MOBILEAPI,processed,40817810400077615722,40817810400077615722,education_payment_regular_hit,RU,RU,647554,2026-03-10 11:41:59.000,False,62272229,20260309,20260309
86,5f25f702698a4ef4b2221953eeb2f741,5f25f702-698a-4ef4-b222-1953eeb2f741,7770421988,2099007770421988000001,2026-03-09 14:18:38,PURCHASE,PURCHASE,Оплата занятий с репетитором,4521445091,c2afb9dca6a14224865b2bc903abc6a2,5599004387129880,Смирнов,Олег,Викторович,1996-11-03,Профи Обучение,T004726844,8299,99,MOSCOW,"MOSCOW, Профи Обучение, online",847,27710.76,RUB,DENY оплата обучения после смены устройства,82849,1553,G,E,allow,ISSUER,processed,40817810400077512440,40817810400077512440,education_payment_risk,RU,RU,206115,2026-03-10 14:38:38.000,False,86139051,20260309,20260309
